image_path,max_height,ratio,angle,real_height
../images/angles/27/기아_카니발11인승_2015_실내_H15_V30.JPG,431,1.0070093457943925,15,1755
../images/angles/27/기아_카니발11인승_2015_실내_H345_V30.JPG,479,1.1945137157107233,345,1755
../images/angles/27/기아_카니발11인승_2015_10시대_H0_V30.JPG,488,1.178743961352657,0,1755
../images/angles/27/기아_카니발11인승_2015_18시대_H15_V30.JPG,502,1.573667711598746,15,1755
../images/angles/27/기아_카니발11인승_2015_실내_H0_V30.JPG,468,1.1758793969849246,0,1755
../images/angles/27/기아_카니발11인승_2015_14시대_H345_V30.JPG,464,1.0521541950113378,345,1755
../images/angles/27/기아_카니발11인승_2015_10시대_H345_V30.JPG,435,0.9539473684210527,345,1755
../images/angles/27/기아_카니발11인승_2015_18시대_H0_V30.JPG,461,1.7330827067669172,0,1755
../images/angles/27/기아_카니발11인승_2015_17시대_H15_V30.JPG,412,1.0098039215686274,15,1755
../images/angles/27/기아_카니발11인승_2015_17시대_H345_V30.JPG,486,1.0995475113122173,345,1755
../images/angles/27/기아_카니발11인승_2015_17시대_H0_V30.JPG,474,1.1732673267326732,0,1755
../images/angles/27/기아_카니발11인승_2015_18시대_H345_V30.JPG,453,0.8917322834645669,345,1755
../images/angles/27/기아_카니발11인승_2015_14시대_H15_V30.JPG,449,1.0158371040723981,15,1755
../images/angles/27/기아_카니발11인승_2015_14시대_H0_V30.JPG,479,1.162621359223301,0,1755
../images/angles/27/기아_카니발11인승_2015_10시대_H15_V30.JPG,434,0.9644444444444444,15,1755
../images/angles/20/현대_벨로스터_2018_16시대_H15_V30.JPG,457,1.0269662921348315,15,1400
../images/angles/20/현대_벨로스터_2018_18시대_H15_V30.JPG,442,0.9714285714285714,15,1400
../images/angles/20/현대_벨로스터_2018_10시대_H0_V30.JPG,461,1.0821596244131455,0,1400
../images/angles/20/현대_벨로스터_2018_실내_H0_V30.JPG,469,1.1903553299492386,0,1400
../images/angles/20/현대_벨로스터_2018_14시대_H345_V30.JPG,414,0.9345372460496614,345,1400
../images/angles/20/현대_벨로스터_2018_16시대_H0_V30.JPG,481,1.068888888888889,0,1400
../images/angles/20/현대_벨로스터_2018_18시대_H345_V30.JPG,384,0.8629213483146068,345,1400
../images/angles/20/현대_벨로스터_2018_14시대_H0_V30.JPG,480,1.0596026490066226,0,1400
../images/angles/20/현대_벨로스터_2018_16시대_H345_V30.JPG,445,0.9933035714285714,345,1400
../images/angles/20/현대_벨로스터_2018_10시대_H15_V30.JPG,473,1.048780487804878,15,1400
../images/angles/20/현대_벨로스터_2018_18시대_H0_V30.JPG,491,1.0838852097130243,0,1400
../images/angles/20/현대_벨로스터_2018_14시대_H15_V30.JPG,251,0.5154004106776181,15,1400
../images/angles/4/쉐보레_말리부_2015_16시대_H0_V30.JPG,480,1.1214953271028036,0,1465
../images/angles/4/쉐보레_말리부_2015_10시대_H15_V30.JPG,444,0.9977528089887641,15,1465
../images/angles/4/쉐보레_말리부_2015_14시대_H15_V30.JPG,461,1.0313199105145414,15,1465
../images/angles/4/쉐보레_말리부_2015_18시대_H0_V30.JPG,477,1.1357142857142857,0,1465
../images/angles/4/쉐보레_말리부_2015_18시대_H345_V30.JPG,445,0.9888888888888889,345,1465
../images/angles/4/쉐보레_말리부_2015_실내_H0_V30.JPG,482,1.1394799054373523,0,1465
../images/angles/4/쉐보레_말리부_2015_14시대_H0_V30.JPG,490,1.1212814645308924,0,1465
../images/angles/4/쉐보레_말리부_2015_실내_H15_V30.JPG,486,1.0848214285714286,15,1465
../images/angles/4/쉐보레_말리부_2015_10시대_H345_V30.JPG,484,1.0684326710816776,345,1465
../images/angles/4/쉐보레_말리부_2015_16시대_H15_V30.JPG,462,1.0266666666666666,15,1465
../images/angles/4/쉐보레_말리부_2015_16시대_H345_V30.JPG,483,1.0638766519823788,345,1465
../images/angles/4/쉐보레_말리부_2015_14시대_H345_V30.JPG,474,1.0651685393258428,345,1465
../images/angles/4/쉐보레_말리부_2015_실내_H345_V30.JPG,400,0.8350730688935282,345,1465
../images/angles/4/쉐보레_말리부_2015_18시대_H15_V30.JPG,473,1.1,15,1465
../images/angles/4/쉐보레_말리부_2015_10시대_H0_V30.JPG,470,1.1058823529411765,0,1465
../images/angles/30/르노삼성_SM7_2016_18시대_H345_V30.JPG,491,1.4656716417910447,345,1480
../images/angles/30/르노삼성_SM7_2016_18시대_H15_V30.JPG,394,1.3003300330033003,15,1480
../images/angles/30/르노삼성_SM7_2016_16시대_H15_V30.JPG,272,0.5619834710743802,15,1480
../images/angles/30/르노삼성_SM7_2016_14시대_H345_V30.JPG,488,1.1015801354401806,345,1480
../images/angles/30/르노삼성_SM7_2016_14시대_H0_V30.JPG,497,1.236318407960199,0,1480
../images/angles/30/르노삼성_SM7_2016_10시대_H0_V30.JPG,468,1.21875,0,1480
../images/angles/30/르노삼성_SM7_2016_16시대_H0_V30.JPG,473,1.1914357682619647,0,1480
../images/angles/30/르노삼성_SM7_2016_18시대_H0_V30.JPG,164,1.490909090909091,0,1480
../images/angles/30/르노삼성_SM7_2016_14시대_H15_V30.JPG,291,0.59026369168357,15,1480
../images/angles/30/르노삼성_SM7_2016_10시대_H345_V30.JPG,483,1.2227848101265824,345,1480
../images/angles/30/르노삼성_SM7_2016_10시대_H15_V30.JPG,429,1.033734939759036,15,1480
../images/angles/30/르노삼성_SM7_2016_16시대_H345_V30.JPG,470,1.1491442542787287,345,1480
../images/angles/35/기아_스포티지 더볼드_2018_18시대_H0_V30.JPG,482,1.1080459770114943,0,1635
../images/angles/35/기아_스포티지 더볼드_2018_15시대_H345_V30.JPG,486,1.1796116504854368,345,1635
../images/angles/35/기아_스포티지 더볼드_2018_18시대_H345_V30.JPG,445,0.959051724137931,345,1635
../images/angles/35/기아_스포티지 더볼드_2018_10시대_H15_V30.JPG,439,0.9543478260869566,15,1635
../images/angles/35/기아_스포티지 더볼드_2018_16시대_H15_V30.JPG,409,1.0199501246882794,15,1635
../images/angles/35/기아_스포티지 더볼드_2018_실내_H0_V30.JPG,482,1.220253164556962,0,1635
../images/angles/35/기아_스포티지 더볼드_2018_실내_H345_V30.JPG,475,1.0416666666666667,345,1635
../images/angles/35/기아_스포티지 더볼드_2018_16시대_H0_V30.JPG,489,1.1319444444444444,0,1635
../images/angles/35/기아_스포티지 더볼드_2018_15시대_H0_V30.JPG,493,1.1766109785202863,0,1635
../images/angles/35/기아_스포티지 더볼드_2018_16시대_H345_V30.JPG,481,1.0344086021505376,345,1635
../images/angles/35/기아_스포티지 더볼드_2018_10시대_H345_V30.JPG,476,1.0942528735632184,345,1635
../images/angles/35/기아_스포티지 더볼드_2018_15시대_H15_V30.JPG,439,0.9712389380530974,15,1635
../images/angles/35/기아_스포티지 더볼드_2018_18시대_H15_V30.JPG,433,0.9392624728850325,15,1635
../images/angles/35/기아_스포티지 더볼드_2018_10시대_H0_V30.JPG,486,1.1516587677725119,0,1635
../images/angles/7/쉐보레_임팔라_2016_실내_H15_V30.JPG,482,1.1642512077294687,15,1495
../images/angles/7/쉐보레_임팔라_2016_18시대_H15_V30.JPG,293,0.5801980198019802,15,1495
../images/angles/7/쉐보레_임팔라_2016_18시대_H345_V30.JPG,495,1.1123595505617978,345,1495
../images/angles/7/쉐보레_임팔라_2016_16시대_H0_V30.JPG,488,1.196078431372549,0,1495
../images/angles/7/쉐보레_임팔라_2016_실내_H0_V30.JPG,475,1.227390180878553,0,1495
../images/angles/7/쉐보레_임팔라_2016_10시대_H15_V30.JPG,455,1.0655737704918034,15,1495
../images/angles/7/쉐보레_임팔라_2016_18시대_H0_V30.JPG,494,1.1961259079903148,0,1495
../images/angles/7/쉐보레_임팔라_2016_14시대_H15_V30.JPG,470,1.0829493087557605,15,1495
../images/angles/7/쉐보레_임팔라_2016_14시대_H0_V30.JPG,446,1.2119565217391304,0,1495
../images/angles/7/쉐보레_임팔라_2016_10시대_H345_V30.JPG,455,1.117936117936118,345,1495
../images/angles/7/쉐보레_임팔라_2016_14시대_H345_V30.JPG,252,0.5029940119760479,345,1495
../images/angles/7/쉐보레_임팔라_2016_16시대_H15_V30.JPG,189,0.390495867768595,15,1495
../images/angles/7/쉐보레_임팔라_2016_16시대_H345_V30.JPG,491,1.0935412026726057,345,1495
../images/angles/7/쉐보레_임팔라_2016_10시대_H0_V30.JPG,471,1.2265625,0,1495
../images/angles/15/현대_투싼_2017_15시대_H345_V30.JPG,485,1.1465721040189125,345,1645
../images/angles/15/현대_투싼_2017_실내_H0_V30.JPG,467,1.1852791878172588,0,1645
../images/angles/15/현대_투싼_2017_17시대_H345_V30.JPG,455,1.1070559610705597,345,1645
../images/angles/15/현대_투싼_2017_14시대_H345_V30.JPG,488,1.082039911308204,345,1645
../images/angles/15/현대_투싼_2017_19시대_H15_V30.JPG,506,1.0140280561122244,15,1645
../images/angles/15/현대_투싼_2017_15시대_H15_V30.JPG,468,1.017391304347826,15,1645
../images/angles/15/현대_투싼_2017_19시대_H345_V30.JPG,431,0.9308855291576674,345,1645
../images/angles/15/현대_투싼_2017_14시대_H15_V30.JPG,458,0.9956521739130435,15,1645
../images/angles/15/현대_투싼_2017_실내_H15_V30.JPG,474,1.1152941176470588,15,1645
../images/angles/15/현대_투싼_2017_15시대_H0_V30.JPG,472,1.1770573566084788,0,1645
../images/angles/15/현대_투싼_2017_17시대_H15_V30.JPG,467,1.0130151843817787,15,1645
../images/angles/15/현대_투싼_2017_19시대_H0_V30.JPG,429,0.8428290766208252,0,1645
../images/angles/15/현대_투싼_2017_14시대_H0_V30.JPG,475,1.1699507389162562,0,1645
../images/angles/15/현대_투싼_2017_17시대_H0_V30.JPG,479,1.1350710900473933,0,1645
../images/angles/25/기아_쏘렌토_2018_18시대_H0_V30.JPG,299,0.5968063872255489,1690
../images/angles/25/기아_쏘렌토_2018_14시대_H15_V30.JPG,448,0.9593147751605996,15,1690
../images/angles/25/기아_쏘렌토_2018_14시대_H0_V30.JPG,443,1.023094688221709,0,1690
../images/angles/25/기아_쏘렌토_2018_18시대_H345_V30.JPG,257,0.5479744136460555,345,1690
../images/angles/25/기아_쏘렌토_2018_10시대_H345_V30.JPG,476,1.0696629213483146,345,1690
../images/angles/25/기아_쏘렌토_2018_10시대_H15_V30.JPG,441,0.9323467230443975,15,1690
../images/angles/25/기아_쏘렌토_2018_16시대_H15_V30.JPG,480,1.1374407582938388,15,1690
../images/angles/25/기아_쏘렌토_2018_10시대_H0_V30.JPG,479,1.1377672209026128,0,1690
../images/angles/25/기아_쏘렌토_2018_18시대_H15_V30.JPG,378,1.008,15,1690
../images/angles/25/기아_쏘렌토_2018_14시대_H345_V30.JPG,450,0.9615384615384616,345,1690
../images/angles/25/기아_쏘렌토_2018_16시대_H345_V30.JPG,403,0.9159090909090909,345,1690
../images/angles/25/기아_쏘렌토_2018_16시대_H0_V30.JPG,483,1.2075,0,1690
../images/angles/29/르노삼성_SM5_2015_실내_H0_V30.JPG,474,1.1560975609756097,0,1490
../images/angles/29/르노삼성_SM5_2015_16시대_H15_V30.JPG,417,0.9881516587677726,15,1490
../images/angles/29/르노삼성_SM5_2015_16시대_H345_V30.JPG,496,1.0689655172413792,345,1490
../images/angles/29/르노삼성_SM5_2015_실내_H345_V30.JPG,497,1.1244343891402715,345,1490
../images/angles/29/르노삼성_SM5_2015_18시대_H0_V30.JPG,336,0.6829268292682927,0,1490
../images/angles/29/르노삼성_SM5_2015_18시대_H15_V30.JPG,430,1.0287081339712918,15,1490
../images/angles/29/르노삼성_SM5_2015_14시대_H0_V30.JPG,470,1.1270983213429258,0,1490
../images/angles/29/르노삼성_SM5_2015_16시대_H0_V30.JPG,467,1.1145584725536992,0,1490
../images/angles/29/르노삼성_SM5_2015_18시대_H345_V30.JPG,261,0.5294117647058824,345,1490
../images/angles/29/르노삼성_SM5_2015_10시대_H345_V30.JPG,480,1.0786516853932584,345,1490
../images/angles/29/르노삼성_SM5_2015_14시대_H15_V30.JPG,203,0.4027777777777778,15,1490
../images/angles/29/르노삼성_SM5_2015_10시대_H15_V30.JPG,417,0.9928571428571429,15,1490
../images/angles/29/르노삼성_SM5_2015_10시대_H0_V30.JPG,475,1.1202830188679245,0,1490
../images/angles/29/르노삼성_SM5_2015_14시대_H345_V30.JPG,431,1.0237529691211402,345,1490
../images/angles/24/기아_더뉴레이_2018_17시대_H0_V30.JPG,478,1.3541076487252124,0,1700
../images/angles/24/기아_더뉴레이_2018_10시대_H0_V30.JPG,471,1.2975206611570247,0,1700
../images/angles/24/기아_더뉴레이_2018_14시대_H345_V30.JPG,486,1.0704845814977975,345,1700
../images/angles/24/기아_더뉴레이_2018_18시대_H0_V30.JPG,352,0.6901960784313725,0,1700
../images/angles/24/기아_더뉴레이_2018_10시대_H345_V30.JPG,485,1.1743341404358354,345,1700
../images/angles/24/기아_더뉴레이_2018_17시대_H15_V30.JPG,448,1.2140921409214092,15,1700
../images/angles/24/기아_더뉴레이_2018_실내_H345_V30.JPG,473,1.1766169154228856,345,1700
../images/angles/24/기아_더뉴레이_2018_14시대_H15_V30.JPG,481,1.1590361445783133,15,1700
../images/angles/24/기아_더뉴레이_2018_17시대_H345_V30.JPG,482,1.0758928571428572,345,1700
../images/angles/24/기아_더뉴레이_2018_18시대_H15_V30.JPG,198,0.8461538461538461,15,1700
../images/angles/24/기아_더뉴레이_2018_실내_H15_V30.JPG,453,1.217741935483871,15,1700
../images/angles/24/기아_더뉴레이_2018_14시대_H0_V30.JPG,483,1.3305785123966942,0,1700
../images/angles/24/기아_더뉴레이_2018_실내_H0_V30.JPG,379,1.3781818181818182,0,1700
../images/angles/24/기아_더뉴레이_2018_10시대_H15_V30.JPG,474,1.089655172413793,15,1700
../images/angles/24/기아_더뉴레이_2018_18시대_H345_V30.JPG,323,0.7177777777777777,345,1700
../images/angles/12/현대_G90_2018_14시대_H15_V30.JPG,195,0.3971486761710794,15,1495
../images/angles/12/현대_G90_2018_16시대_H15_V30.JPG,261,0.5209580838323353,15,1495
../images/angles/12/현대_G90_2018_18시대_H0_V30.JPG,494,1.0040650406504066,0,1495
../images/angles/12/현대_G90_2018_14시대_H0_V30.JPG,223,0.46458333333333335,0,1495
../images/angles/12/현대_G90_2018_10시대_H0_V30.JPG,485,1.120092378752887,0,1495
../images/angles/12/현대_G90_2018_16시대_H0_V30.JPG,445,1.1237373737373737,0,1495
../images/angles/12/현대_G90_2018_14시대_H345_V30.JPG,228,0.4769874476987448,345,1495
../images/angles/12/현대_G90_2018_18시대_H15_V30.JPG,408,0.8111332007952287,15,1495
../images/angles/12/현대_G90_2018_10시대_H15_V30.JPG,427,1.0190930787589498,15,1495
../images/angles/12/현대_G90_2018_10시대_H345_V30.JPG,470,1.0633484162895928,345,1495
../images/angles/12/현대_G90_2018_16시대_H345_V30.JPG,451,1.0296803652968036,345,1495
../images/angles/39/현대_아반떼AD_2016_실내_H0_V30.JPG,440,1.1139240506329113,0,1440
../images/angles/39/현대_아반떼AD_2016_14시대_H345_V30.JPG,431,0.9795454545454545,345,1440
../images/angles/39/현대_아반떼AD_2016_실내_H15_V30.JPG,483,1.105263157894737,15,1440
../images/angles/39/현대_아반떼AD_2016_18시대_H0_V30.JPG,482,1.1261682242990654,0,1440
../images/angles/39/현대_아반떼AD_2016_실내_H345_V30.JPG,410,0.9297052154195011,345,1440
../images/angles/39/현대_아반떼AD_2016_18시대_H15_V30.JPG,487,1.106818181818182,15,1440
../images/angles/39/현대_아반떼AD_2016_14시대_H15_V30.JPG,435,0.9908883826879271,15,1440
../images/angles/39/현대_아반떼AD_2016_18시대_H345_V30.JPG,320,0.6926406926406926,345,1440
../images/angles/39/현대_아반떼AD_2016_16시대_H15_V30.JPG,424,0.9658314350797267,15,1440
../images/angles/39/현대_아반떼AD_2016_10시대_H15_V30.JPG,422,0.9634703196347032,15,1440
../images/angles/39/현대_아반떼AD_2016_14시대_H0_V30.JPG,223,0.4415841584158416,0,1440
../images/angles/39/현대_아반떼AD_2016_16시대_H0_V30.JPG,469,1.0831408775981524,0,1440
../images/angles/39/현대_아반떼AD_2016_16시대_H345_V30.JPG,449,1.006726457399103,345,1440
../images/angles/39/현대_아반떼AD_2016_10시대_H345_V30.JPG,484,1.0614035087719298,345,1440
../images/angles/39/현대_아반떼AD_2016_10시대_H0_V30.JPG,471,1.0802752293577982,0,1440
../images/angles/9/쉐보레_크루즈_2016_18시대_H0_V30.JPG,458,1.0776470588235294,0,1475
../images/angles/9/쉐보레_크루즈_2016_실내_H15_V30.JPG,492,1.136258660508083,15,1475
../images/angles/9/쉐보레_크루즈_2016_16시대_H15_V30.JPG,431,0.9885321100917431,15,1475
../images/angles/9/쉐보레_크루즈_2016_14시대_H0_V30.JPG,473,1.1182033096926713,0,1475
../images/angles/9/쉐보레_크루즈_2016_14시대_H15_V30.JPG,414,0.8313253012048193,15,1475
../images/angles/9/쉐보레_크루즈_2016_실내_H345_V30.JPG,362,0.7751605995717344,345,1475
../images/angles/9/쉐보레_크루즈_2016_16시대_H0_V30.JPG,482,1.1288056206088992,0,1475
../images/angles/9/쉐보레_크루즈_2016_10시대_H0_V30_(1).JPG,467,1.1280193236714975,0,1475
../images/angles/9/쉐보레_크루즈_2016_실내_H0_V30.JPG,483,1.1445497630331753,0,1475
../images/angles/9/쉐보레_크루즈_2016_10시대_H15_V30.JPG,445,1.0113636363636365,15,1475
../images/angles/9/쉐보레_크루즈_2016_16시대_H345_V30.JPG,487,1.0726872246696035,345,1475
../images/angles/9/쉐보레_크루즈_2016_14시대_H345_V30.JPG,403,0.8915929203539823,345,1475
../images/angles/9/쉐보레_크루즈_2016_10시대_H345_V30.JPG,478,1.0257510729613735,345,1475
../images/angles/9/쉐보레_크루즈_2016_18시대_H345_V30.JPG,454,1.063231850117096,345,1475
../images/angles/9/쉐보레_크루즈_2016_18시대_H15_V30.JPG,432,0.9621380846325167,15,1475
../images/angles/14/현대_KONA 1.6T_2017_14시대_H345_V30.JPG,442,0.9954954954954955,345,1550
../images/angles/14/현대_KONA 1.6T_2017_11시대_H15_V30.JPG,225,0.4639175257731959,15,1550
../images/angles/14/현대_KONA 1.6T_2017_13시대_H345_V30.JPG,490,1.0961968680089484,345,1550
../images/angles/14/현대_KONA 1.6T_2017_13시대_H0_V30.JPG,493,1.1966019417475728,0,1550
../images/angles/14/현대_KONA 1.6T_2017_14시대_H0_V30.JPG,441,1.2148760330578512,0,1550
../images/angles/14/현대_KONA 1.6T_2017_17시대_H15_V30.JPG,483,1.1129032258064515,15,1550
../images/angles/14/현대_KONA 1.6T_2017_17시대_H0_V30.JPG,460,1.1979166666666667,0,1550
../images/angles/14/현대_KONA 1.6T_2017_실내_H15_V30.JPG,487,1.1093394077448746,15,1550
../images/angles/14/현대_KONA 1.6T_2017_14시대_H15_V30.JPG,477,1.1357142857142857,15,1550
../images/angles/14/현대_KONA 1.6T_2017_18시대_H0_V30.JPG,465,1.1625,0,1550
../images/angles/14/현대_KONA 1.6T_2017_11시대_H345_V30.JPG,453,0.993421052631579,345,1550
../images/angles/14/현대_KONA 1.6T_2017_실내_H0_V30.JPG,480,1.170731707317073,0,1550
../images/angles/14/현대_KONA 1.6T_2017_16시대_H15_V30.JPG,226,0.452,15,1550
../images/angles/14/현대_KONA 1.6T_2017_18시대_H345_V30.JPG,475,1.1072261072261071,345,1550
../images/angles/14/현대_KONA 1.6T_2017_13시대_H15_V30.JPG,476,1.0577777777777777,15,1550
../images/angles/14/현대_KONA 1.6T_2017_16시대_H345_V30.JPG,442,1.002267573696145,345,1550
../images/angles/14/현대_KONA 1.6T_2017_16시대_H0_V30.JPG,480,1.1510791366906474,0,1550
../images/angles/14/현대_KONA 1.6T_2017_17시대_H345_V30.JPG,441,0.98,345,1550
../images/angles/14/현대_KONA 1.6T_2017_18시대_H15_V30.JPG,446,0.9102040816326531,15,1550
../images/angles/14/현대_KONA 1.6T_2017_11시대_H0_V30.JPG,441,1.1544502617801047,0,1550
../images/angles/28/르노삼성_QM3_2017_10시대_H0_V30.JPG,487,1.2175,0,1565
../images/angles/28/르노삼성_QM3_2017_18시대_H15_V30.JPG,215,0.4240631163708087,15,1565
../images/angles/28/르노삼성_QM3_2017_14시대_H345_V30.JPG,489,1.2014742014742015,345,1565
../images/angles/28/르노삼성_QM3_2017_10시대_H15_V30.JPG,495,1.175771971496437,15,1565
../images/angles/28/르노삼성_QM3_2017_14시대_H0_V30.JPG,489,1.2194513715710724,0,1565
../images/angles/28/르노삼성_QM3_2017_16시대_H0_V30.JPG,490,1.2219451371571073,0,1565
../images/angles/28/르노삼성_QM3_2017_16시대_H345_V30.JPG,456,1.0987951807228915,345,1565
../images/angles/28/르노삼성_QM3_2017_16시대_H15_V30.JPG,465,1.1538461538461537,15,1565
../images/angles/28/르노삼성_QM3_2017_10시대_H345_V30.JPG,203,0.43844492440604754,345,1565
../images/angles/28/르노삼성_QM3_2017_14시대_H15_V30.JPG,483,1.2044887780548628,15,1565
../images/angles/37/기아_K9_2013_14시대_H0_V30.JPG,472,1.0727272727272728,0,1490
../images/angles/37/기아_K9_2013_실내_H0_V30.JPG,493,1.2113022113022114,0,1490
../images/angles/37/기아_K9_2013_18시대_H0_V30.JPG,341,0.6945010183299389,0,1490
../images/angles/37/기아_K9_2013_10시대_H345_V30.JPG,426,0.9466666666666667,345,1490
../images/angles/37/기아_K9_2013_18시대_H15_V30.JPG,253,0.5029821073558648,15,1490
../images/angles/37/기아_K9_2013_16시대_H0_V30.JPG,475,1.072234762979684,0,1490
../images/angles/37/기아_K9_2013_14시대_H345_V30.JPG,385,0.8480176211453745,345,1490
../images/angles/37/기아_K9_2013_18시대_H345_V30.JPG,372,0.75,345,1490
../images/angles/37/기아_K9_2013_10시대_H0_V30.JPG,474,1.0580357142857142,0,1490
../images/angles/37/기아_K9_2013_16시대_H15_V30.JPG,460,1.029082774049217,15,1490
../images/angles/37/기아_K9_2013_10시대_H15_V30.JPG,459,1.006578947368421,15,1490
../images/angles/37/기아_K9_2013_16시대_H345_V30.JPG,405,0.8960176991150443,345,1490
../images/angles/37/기아_K9_2013_14시대_H15_V30.JPG,439,1.0209302325581395,15,1490
../images/angles/33/기아_스팅어_2017_17시대_H0_V30.JPG,485,1.061269146608315,0,1400
../images/angles/33/기아_스팅어_2017_14시대_H15_V30.JPG,352,0.7198364008179959,15,1400
../images/angles/33/기아_스팅어_2017_10시대_H345_V30.JPG,388,0.8565121412803532,345,1400
../images/angles/33/기아_스팅어_2017_17시대_H15_V30.JPG,418,0.95,15,1400
../images/angles/33/기아_스팅어_2017_10시대_H15_V30.JPG,405,0.9040178571428571,15,1400
../images/angles/33/기아_스팅어_2017_18시대_H0_V30.JPG,488,1.086859688195991,0,1400
../images/angles/33/기아_스팅어_2017_14시대_H0_V30.JPG,486,1.0681318681318681,0,1400
../images/angles/33/기아_스팅어_2017_17시대_H345_V30.JPG,431,0.9707207207207207,345,1400
../images/angles/33/기아_스팅어_2017_14시대_H345_V30.JPG,394,0.8814317673378076,345,1400
../images/angles/33/기아_스팅어_2017_18시대_H345_V30.JPG,375,0.8581235697940504,345,1400
../images/angles/33/기아_스팅어_2017_18시대_H15_V30.JPG,413,0.9472477064220184,15,1400
../images/angles/33/기아_스팅어_2017_10시대_H0_V30.JPG,487,1.0846325167037862,0,1400
../images/angles/40/현대_에쿠스_2013_10시대_H0_V30.JPG,456,1.0482758620689656,0,1495
../images/angles/40/현대_에쿠스_2013_실내_H0_V30.JPG,470,1.1111111111111112,0,1495
../images/angles/40/현대_에쿠스_2013_16시대_H15_V30.JPG,374,0.8926014319809069,15,1495
../images/angles/40/현대_에쿠스_2013_14시대_H0_V30.JPG,463,1.0498866213151927,0,1495
../images/angles/40/현대_에쿠스_2013_14시대_H345_V30.JPG,399,0.925754060324826,345,1495
../images/angles/40/현대_에쿠스_2013_16시대_H345_V30.JPG,435,1.0211267605633803,345,1495
../images/angles/40/현대_에쿠스_2013_18시대_H15_V30.JPG,207,0.4107142857142857,15,1495
../images/angles/40/현대_에쿠스_2013_16시대_H0_V30.JPG,456,1.0531177829099307,0,1495
../images/angles/40/현대_에쿠스_2013_10시대_H345_V30.JPG,470,1.046770601336303,345,1495
../images/angles/40/현대_에쿠스_2013_10시대_H15_V30.JPG,404,0.9351851851851852,15,1495
../images/angles/40/현대_에쿠스_2013_실내_H15_V30.JPG,487,1.0919282511210762,15,1495
../images/angles/40/현대_에쿠스_2013_18시대_H345_V30.JPG,86,1.6226415094339623,345,1495
../images/angles/40/현대_에쿠스_2013_14시대_H15_V30.JPG,408,0.9400921658986175,15,1495
../images/angles/40/현대_에쿠스_2013_18시대_H0_V30.JPG,220,0.4489795918367347,0,1495
../images/angles/36/기아_카렌스_2012_18시대_H0_V30.JPG,285,0.5588235294117647,0,1635
../images/angles/36/기아_카렌스_2012_17시대_H345_V30.JPG,471,1.1030444964871193,345,1635
../images/angles/36/기아_카렌스_2012_실내_H15_V30.JPG,486,1.1462264150943395,15,1635
../images/angles/36/기아_카렌스_2012_15시대_H15_V30.JPG,486,1.1796116504854368,15,1635
../images/angles/36/기아_카렌스_2012_실내_H0_V30.JPG,490,1.2373737373737375,0,1635
../images/angles/36/기아_카렌스_2012_11시(비)_H0_V30.JPG,463,1.2513513513513514,0,1635
../images/angles/36/기아_카렌스_2012_15시대_H345_V30.JPG,497,1.1833333333333333,345,1635
../images/angles/36/기아_카렌스_2012_14시대_H15_V30.JPG,473,1.145278450363196,15,1635
../images/angles/36/기아_카렌스_2012_17시대_H15_V30.JPG,476,1.19,15,1635
../images/angles/36/기아_카렌스_2012_18시대_H345_V30.JPG,237,0.47023809523809523,345,1635
../images/angles/36/기아_카렌스_2012_17시대_H0_V30.JPG,460,1.2849162011173185,0,1635
../images/angles/36/기아_카렌스_2012_14시대_H345_V30.JPG,494,1.2078239608801955,345,1635
../images/angles/36/기아_카렌스_2012_15시대_H0_V30.JPG,487,1.2551546391752577,0,1635
../images/angles/36/기아_카렌스_2012_11시(비)_H345_V30.JPG,288,0.8089887640449438,345,1635
../images/angles/36/기아_카렌스_2012_14시대_H0_V30.JPG,493,1.2544529262086515,0,1635
../images/angles/36/기아_카렌스_2012_11시(비)_H15_V30.JPG,296,0.6666666666666666,15,1635
../images/angles/36/기아_카렌스_2012_18시대_H15_V30.JPG,399,0.798,15,1635
../images/angles/5/쉐보레_볼트EV_2018_실내_H15_V30.JPG,484,1.1862745098039216,15,1610
../images/angles/5/쉐보레_볼트EV_2018_16시대_H0_V30.JPG,425,1.2686567164179106,0,1610
../images/angles/5/쉐보레_볼트EV_2018_10시대_H345_V30.JPG,466,1.0639269406392695,345,1610
../images/angles/5/쉐보레_볼트EV_2018_14시대_H15_V30.JPG,207,0.414,15,1610
../images/angles/5/쉐보레_볼트EV_2018_16시대_H15_V30.JPG,494,1.1461716937354989,15,1610
../images/angles/5/쉐보레_볼트EV_2018_14시대_H0_V30.JPG,493,1.3042328042328042,0,1610
../images/angles/5/쉐보레_볼트EV_2018_실내_H0_V30.JPG,492,1.268041237113402,0,1610
../images/angles/5/쉐보레_볼트EV_2018_16시대_H345_V30.JPG,458,1.0528735632183908,345,1610
../images/angles/5/쉐보레_볼트EV_2018_18시대_H345_V30.JPG,248,0.496,345,1610
../images/angles/5/쉐보레_볼트EV_2018_실내_H345_V30.JPG,477,1.03470715835141,345,1610
../images/angles/5/쉐보레_볼트EV_2018_10시대_H0_V30.JPG,486,1.2119700748129676,0,1610
../images/angles/5/쉐보레_볼트EV_2018_18시대_H0_V30.JPG,351,0.6936758893280632,0,1610
../images/angles/5/쉐보레_볼트EV_2018_14시대_H345_V30.JPG,494,1.231920199501247,345,1610
../images/angles/5/쉐보레_볼트EV_2018_10시대_H15_V30.JPG,500,1.1682242990654206,15,1610
../images/angles/11/현대_G80스포츠_2017_16시대_H0_V30.JPG,301,0.6105476673427992,0,1480
../images/angles/11/현대_G80스포츠_2017_16시대_H15_V30.JPG,360,0.7114624505928854,15,1480
../images/angles/11/현대_G80스포츠_2017_10시대_H15_V30.JPG,428,1.014218009478673,15,1480
../images/angles/11/현대_G80스포츠_2017_실내_H15_V30.JPG,491,1.131336405529954,15,1480
../images/angles/11/현대_G80스포츠_2017_10시대_H345_V30.JPG,475,1.0944700460829493,345,1480
../images/angles/11/현대_G80스포츠_2017_14시대_H0_V30.JPG,310,0.6352459016393442,0,1480
../images/angles/11/현대_G80스포츠_2017_10시대_H0_V30.JPG,476,1.1306413301662708,0,1480
../images/angles/11/현대_G80스포츠_2017_18시대_H15_V30.JPG,299,0.5885826771653543,15,1480
../images/angles/11/현대_G80스포츠_2017_14시대_H345_V30.JPG,171,4.384615384615385,345,1480
../images/angles/11/현대_G80스포츠_2017_14시대_H15_V30.JPG,351,0.7105263157894737,15,1480
../images/angles/11/현대_G80스포츠_2017_16시대_H345_V30.JPG,443,1.0374707259953162,345,1480
../images/angles/11/현대_G80스포츠_2017_실내_H0_V30.JPG,477,1.1777777777777778,0,1480
../images/angles/8/쉐보레_캡티바_2011_18시대_H345_V30.JPG,300,0.6109979633401222,345,1725
../images/angles/8/쉐보레_캡티바_2011_10시대_H0_V30.JPG,476,1.3333333333333333,0,1725
../images/angles/8/쉐보레_캡티바_2011_10시대_H345_V30.JPG,456,1.1041162227602905,345,1725
../images/angles/8/쉐보레_캡티바_2011_18시대_H0_V30.JPG,416,0.8702928870292888,0,1725
../images/angles/8/쉐보레_캡티바_2011_14시대_H345_V30.JPG,265,0.5509355509355509,345,1725
../images/angles/8/쉐보레_캡티바_2011_10시대_H15_V30.JPG,188,0.37675350701402804,15,1725
../images/angles/8/쉐보레_캡티바_2011_16시대_H15_V30.JPG,485,1.1575178997613365,15,1725
../images/angles/8/쉐보레_캡티바_2011_18시대_H15_V30.JPG,206,0.41365461847389556,15,1725
../images/angles/8/쉐보레_캡티바_2011_16시대_H0_V30.JPG,473,1.2853260869565217,0,1725
../images/angles/8/쉐보레_캡티바_2011_실내_H0_V30.JPG,474,1.2248062015503876,0,1725
../images/angles/8/쉐보레_캡티바_2011_14시대_H15_V30.JPG,487,1.0894854586129754,15,1725
../images/angles/8/쉐보레_캡티바_2011_16시대_H345_V30.JPG,201,0.4369565217391304,345,1725
../images/angles/8/쉐보레_캡티바_2011_14시대_H0_V30.JPG,480,1.2467532467532467,0,1725
../images/angles/16/현대_팰리세이드_2019_실내_H0_V30.JPG,465,1.1625,0,1750
../images/angles/16/현대_팰리세이드_2019_18시대_H15_V30.JPG,426,0.9508928571428571,15,1750
../images/angles/16/현대_팰리세이드_2019_14시대_H345_V30.JPG,466,1.0309734513274336,345,1750
../images/angles/16/현대_팰리세이드_2019_18시대_H0_V30.JPG,480,1.1793611793611793,0,1750
../images/angles/16/현대_팰리세이드_2019_16시대_H345_V30.JPG,481,1.126463700234192,345,1750
../images/angles/16/현대_팰리세이드_2019_10시대_H15_V30.JPG,433,0.9495614035087719,15,1750
../images/angles/16/현대_팰리세이드_2019_14시대_H0_V30.JPG,430,1.0591133004926108,0,1750
../images/angles/16/현대_팰리세이드_2019_실내_H15_V30.JPG,494,1.1151241534988714,15,1750
../images/angles/16/현대_팰리세이드_2019_10시대_H0_V30.JPG,473,1.1593137254901962,0,1750
../images/angles/16/현대_팰리세이드_2019_18시대_H345_V30.JPG,442,0.9266247379454927,345,1750
../images/angles/16/현대_팰리세이드_2019_16시대_H0_V30.JPG,476,1.136038186157518,0,1750
../images/angles/16/현대_팰리세이드_2019_10시대_H345_V30.JPG,425,1.0047281323877069,345,1750
../images/angles/16/현대_팰리세이드_2019_16시대_H15_V30.JPG,435,0.9841628959276018,15,1750
../images/angles/16/현대_팰리세이드_2019_14시대_H15_V30.JPG,215,0.43,15,1750
../images/angles/13/현대_i30_2017_18시대_H0_V30.JPG,328,0.6612903225806451,0,1455
../images/angles/13/현대_i30_2017_14시대_H15_V30.JPG,481,1.1186046511627907,15,1455
../images/angles/13/현대_i30_2017_18시대_H345_V30.JPG,293,0.6053719008264463,345,1455
../images/angles/13/현대_i30_2017_16시대_H15_V30.JPG,494,1.1435185185185186,15,1455
../images/angles/13/현대_i30_2017_14시대_H345_V30.JPG,490,1.1475409836065573,345,1455
../images/angles/13/현대_i30_2017_16시대_H0_V30.JPG,478,1.2131979695431472,0,1455
../images/angles/13/현대_i30_2017_10시대_H15_V30.JPG,225,0.4563894523326572,15,1455
../images/angles/13/현대_i30_2017_10시대_H345_V30.JPG,496,1.1454965357967668,345,1455
../images/angles/13/현대_i30_2017_10시대_H0_V30.JPG,485,1.1829268292682926,0,1455
../images/angles/13/현대_i30_2017_실내_H0_V30.JPG,481,1.170316301703163,0,1455
../images/angles/13/현대_i30_2017_16시대_H345_V30.JPG,426,0.9906976744186047,345,1455
../images/angles/13/현대_i30_2017_18시대_H15_V30.JPG,247,0.5071868583162218,15,1455
../images/angles/13/현대_i30_2017_14시대_H0_V30.JPG,481,1.1876543209876542,0,1455
../images/angles/32/GM대우_알페온_2011_12시대_H345_V30.JPG,423,0.9952941176470588,345,1510
../images/angles/32/GM대우_알페온_2011_18시대_H15_V30.JPG,254,0.5237113402061856,15,1510
../images/angles/32/GM대우_알페온_2011_실내_H0_V30.JPG,482,1.2233502538071066,0,1510
../images/angles/32/GM대우_알페온_2011_10시대_H15_V30.JPG,447,1.0642857142857143,15,1510
../images/angles/32/GM대우_알페온_2011_12시대_H0_V30.JPG,443,1.210382513661202,0,1510
../images/angles/32/GM대우_알페온_2011_15시대_H0_V30.JPG,485,1.2340966921119594,0,1510
../images/angles/32/GM대우_알페온_2011_12시대_H15_V30.JPG,246,0.4900398406374502,15,1510
../images/angles/32/GM대우_알페온_2011_18시대_H0_V30.JPG,341,0.6861167002012073,0,1510
../images/angles/32/GM대우_알페온_2011_10시대_H0_V30.JPG,475,1.2055837563451777,0,1510
../images/angles/32/GM대우_알페온_2011_18시대_H345_V30.JPG,335,0.6754032258064516,345,1510
../images/angles/32/GM대우_알페온_2011_15시대_H15_V30.JPG,224,0.4609053497942387,15,1510
../images/angles/32/GM대우_알페온_2011_15시대_H345_V30.JPG,290,0.5906313645621182,345,1510
../images/angles/32/GM대우_알페온_2011_10시대_H345_V30.JPG,444,1.168421052631579,345,1510
../images/angles/34/기아_쏘울EV_2017_10시대_H15_V30.JPG,471,1.0064102564102564,15,1600
../images/angles/34/기아_쏘울EV_2017_18시대_H345_V30.JPG,441,0.9363057324840764,345,1600
../images/angles/34/기아_쏘울EV_2017_실내_H0_V30.JPG,487,1.1650717703349283,0,1600
../images/angles/34/기아_쏘울EV_2017_10시대_H0_V30.JPG,483,1.158273381294964,0,1600
../images/angles/34/기아_쏘울EV_2017_16시대_H15_V30.JPG,479,1.0715883668903803,15,1600
../images/angles/34/기아_쏘울EV_2017_14시대_H15_V30.JPG,473,1.0305010893246187,15,1600
../images/angles/34/기아_쏘울EV_2017_18시대_H0_V30.JPG,472,1.1683168316831682,0,1600
../images/angles/34/기아_쏘울EV_2017_16시대_H0_V30.JPG,482,1.1421800947867298,0,1600
../images/angles/34/기아_쏘울EV_2017_실내_H15_V30.JPG,469,1.1193317422434368,15,1600
../images/angles/34/기아_쏘울EV_2017_14시대_H0_V30.JPG,482,1.1314553990610328,0,1600
../images/angles/34/기아_쏘울EV_2017_10시대_H345_V30.JPG,470,1.0491071428571428,345,1600
../images/angles/34/기아_쏘울EV_2017_16시대_H345_V30.JPG,481,1.1134259259259258,345,1600
../images/angles/34/기아_쏘울EV_2017_18시대_H15_V30.JPG,484,1.0876404494382022,15,1600
../images/angles/34/기아_쏘울EV_2017_14시대_H345_V30.JPG,452,0.9596602972399151,345,1600
../images/angles/2/쉐보레_말리부_2018_16시대_H15_V30.JPG,435,0.9977064220183486,15,1470
../images/angles/2/쉐보레_말리부_2018_10시대_H15_V30.JPG,455,1.0317460317460319,15,1470
../images/angles/2/쉐보레_말리부_2018_16시대_H345_V30.JPG,477,1.0529801324503312,345,1470
../images/angles/2/쉐보레_말리부_2018_14시대_H0_V30.JPG,445,1.0880195599022005,0,1470
../images/angles/2/쉐보레_말리부_2018_10시대_H0_V30.JPG,475,1.0650224215246638,0,1470
../images/angles/2/쉐보레_말리부_2018_14시대_H345_V30.JPG,406,0.9311926605504587,345,1470
../images/angles/2/쉐보레_말리부_2018_10시대_H345_V30.JPG,466,1.0355555555555556,345,1470
../images/angles/2/쉐보레_말리부_2018_실내_H0_V30.JPG,458,1.0292134831460673,0,1470
../images/angles/2/쉐보레_말리부_2018_17시대_H15_V30.JPG,488,1.1065759637188208,15,1470
../images/angles/2/쉐보레_말리부_2018_17시대_H345_V30.JPG,409,0.9211711711711712,345,1470
../images/angles/2/쉐보레_말리부_2018_17시대_H0_V30.JPG,457,1.041002277904328,0,1470
../images/angles/2/쉐보레_말리부_2018_16시대_H0_V30.JPG,474,1.0509977827050998,0,1470
../images/angles/2/쉐보레_말리부_2018_14시대_H15_V30.JPG,427,0.963882618510158,15,1470
../images/angles/21/기아_K5_2016_15시대_H15_V30.JPG,437,1.0186480186480187,15,1465
../images/angles/21/기아_K5_2016_12시대_H15_V30.JPG,240,0.47904191616766467,15,1465
../images/angles/21/기아_K5_2016_12시대_H0_V30.JPG,454,1.1293532338308458,0,1465
../images/angles/21/기아_K5_2016_10시대_H15_V30.JPG,447,1.0299539170506913,15,1465
../images/angles/21/기아_K5_2016_실내_H0_V30.JPG,465,1.1862244897959184,0,1465
../images/angles/21/기아_K5_2016_15시대_H345_V30.JPG,456,1.1343283582089552,345,1465
../images/angles/21/기아_K5_2016_12시대_H345_V30.JPG,473,1.097447795823666,345,1465
../images/angles/21/기아_K5_2016_10시대_H0_V30.JPG,470,1.146341463414634,0,1465
../images/angles/21/기아_K5_2016_15시대_H0_V30.JPG,468,1.125,0,1465
../images/angles/21/기아_K5_2016_18시대_H0_V30.JPG,424,1.1553133514986376,0,1465
../images/angles/21/기아_K5_2016_10시대_H345_V30.JPG,466,1.1563275434243176,345,1465
../images/angles/23/기아_니로 하이브리드_2018_16시대_H15_V30.JPG,445,0.9933035714285714,15,1545
../images/angles/23/기아_니로 하이브리드_2018_14시대_H0_V30.JPG,474,1.1285714285714286,0,1545
../images/angles/23/기아_니로 하이브리드_2018_14시대_H15_V30.JPG,458,1.0088105726872247,15,1545
../images/angles/23/기아_니로 하이브리드_2018_16시대_H345_V30.JPG,474,1.0772727272727274,345,1545
../images/angles/23/기아_니로 하이브리드_2018_10시대_H0_V30.JPG,476,1.1095571095571095,0,1545
../images/angles/23/기아_니로 하이브리드_2018_10시대_H345_V30.JPG,475,1.0508849557522124,345,1545
../images/angles/23/기아_니로 하이브리드_2018_14시대_H345_V30.JPG,417,0.892933618843683,345,1545
../images/angles/23/기아_니로 하이브리드_2018_실내_H15_V30.JPG,470,1.1989795918367347,15,1545
../images/angles/23/기아_니로 하이브리드_2018_10시대_H15_V30.JPG,459,1.0154867256637168,15,1545
../images/angles/23/기아_니로 하이브리드_2018_16시대_H0_V30.JPG,477,1.1041666666666667,0,1545
../images/angles/23/기아_니로 하이브리드_2018_18시대_H0_V30.JPG,484,1.1578947368421053,0,1545
../images/angles/23/기아_니로 하이브리드_2018_18시대_H345_V30.JPG,414,0.8980477223427332,345,1545
../images/angles/23/기아_니로 하이브리드_2018_18시대_H15_V30.JPG,463,1.0971563981042654,15,1545
../images/angles/23/기아_니로 하이브리드_2018_실내_H0_V30.JPG,490,1.2373737373737375,0,1545
../images/angles/26/기아_프라이드 해치백_2015_14시대_H0_V30.JPG,482,1.2171717171717171,0,1455
../images/angles/26/기아_프라이드 해치백_2015_11시대_H345_V30.JPG,463,1.074245939675174,345,1455
../images/angles/26/기아_프라이드 해치백_2015_17시대_H0_V30.JPG,474,1.185,0,1455
../images/angles/26/기아_프라이드 해치백_2015_18시대_H345_V30.JPG,478,1.1715686274509804,345,1455
../images/angles/26/기아_프라이드 해치백_2015_실내_H345_V30.JPG,501,1.1597222222222223,345,1455
../images/angles/26/기아_프라이드 해치백_2015_11시대_H15_V30.JPG,493,1.2083333333333333,15,1455
../images/angles/26/기아_프라이드 해치백_2015_14시대_H345_V30.JPG,476,1.1959798994974875,345,1455
../images/angles/26/기아_프라이드 해치백_2015_실내_H0_V30.JPG,492,1.2148148148148148,0,1455
../images/angles/26/기아_프라이드 해치백_2015_18시대_H0_V30.JPG,472,1.185929648241206,0,1455
../images/angles/26/기아_프라이드 해치백_2015_11시대_H0_V30.JPG,482,1.199004975124378,0,1455
../images/angles/26/기아_프라이드 해치백_2015_17시대_H345_V30.JPG,424,0.9636363636363636,345,1455
../images/angles/26/기아_프라이드 해치백_2015_14시대_H15_V30.JPG,206,0.4087301587301587,15,1455
../images/angles/26/기아_프라이드 해치백_2015_18시대_H15_V30.JPG,348,0.696,15,1455
../images/angles/19/현대_소나타 뉴라이즈_2017_16시대_H345_V30.JPG,444,1.0160183066361557,345,1475
../images/angles/19/현대_소나타 뉴라이즈_2017_19시대_H15_V30.JPG,127,0.8819444444444444,15,1475
../images/angles/19/현대_소나타 뉴라이즈_2017_14시대_H15_V30.JPG,341,0.7074688796680498,15,1475
../images/angles/19/현대_소나타 뉴라이즈_2017_17시대_H345_V30.JPG,456,1.0434782608695652,345,1475
../images/angles/19/현대_소나타 뉴라이즈_2017_14시대_H0_V30.JPG,370,1.189710610932476,0,1475
../images/angles/19/현대_소나타 뉴라이즈_2017_19시대_H0_V30.JPG,473,1.145278450363196,0,1475
../images/angles/19/현대_소나타 뉴라이즈_2017_14시대_H345_V30.JPG,450,1.0588235294117647,345,1475
../images/angles/19/현대_소나타 뉴라이즈_2017_17시대_H15_V30.JPG,475,1.1150234741784038,15,1475
../images/angles/19/현대_소나타 뉴라이즈_2017_17시대_H0_V30.JPG,483,1.1694915254237288,0,1475
../images/angles/19/현대_소나타 뉴라이즈_2017_16시대_H15_V30.JPG,299,0.6004016064257028,15,1475
../images/angles/19/현대_소나타 뉴라이즈_2017_16시대_H0_V30.JPG,276,0.592274678111588,0,1475
../images/angles/19/현대_소나타 뉴라이즈_2017_실내_H0_V30.JPG,469,1.1994884910485935,0,1475
../images/angles/19/현대_소나타 뉴라이즈_2017_11시대_H15_V30.JPG,474,1.0556792873051224,15,1475
../images/angles/19/현대_소나타 뉴라이즈_2017_19시대_H345_V30.JPG,276,0.5774058577405857,345,1475
../images/angles/19/현대_소나타 뉴라이즈_2017_11시대_H0_V30.JPG,255,0.5182926829268293,0,1475
../images/angles/31/GM대우_라세티_2008_18시대_H0_V30.JPG,486,1.1571428571428573,0,1445
../images/angles/31/GM대우_라세티_2008_10시대(비)_H345_V30.JPG,448,1.0743405275779376,345,1445
../images/angles/31/GM대우_라세티_2008_18시대_H345_V30.JPG,287,0.5966735966735967,345,1445
../images/angles/31/GM대우_라세티_2008_15시대(비)_H15_V30.JPG,210,0.43568464730290457,15,1445
../images/angles/31/GM대우_라세티_2008_10시대(비)_H15_V30.JPG,456,1.0654205607476634,15,1445
../images/angles/31/GM대우_라세티_2008_15시대(비)_H345_V30.JPG,226,0.4621676891615542,345,1445
../images/angles/31/GM대우_라세티_2008_실내(비)_H345_V30.JPG,468,1.1090047393364928,345,1445
../images/angles/31/GM대우_라세티_2008_실내(비)_H15_V30.JPG,484,1.1690821256038648,15,1445
../images/angles/31/GM대우_라세티_2008_18시대_H15_V30.JPG,265,0.5430327868852459,15,1445
../images/angles/31/GM대우_라세티_2008_15시대(비)_H0_V30.JPG,487,1.261658031088083,0,1445
../images/angles/31/GM대우_라세티_2008_10시대(비)_H0_V30.JPG,462,1.1464019851116625,0,1445
../images/angles/31/GM대우_라세티_2008_실내(비)_H0_V30.JPG,465,1.2046632124352332,0,1445
../images/angles/10/쉐보레_트랙스_2015_14시대_H0_V30.JPG,481,1.2208121827411167,0,1670
../images/angles/10/쉐보레_트랙스_2015_10시대_H15_V30.JPG,209,0.4230769230769231,15,1670
../images/angles/10/쉐보레_트랙스_2015_18시대_H0_V30.JPG,388,0.7967145790554415,0,1670
../images/angles/10/쉐보레_트랙스_2015_16시대_H15_V30.JPG,425,1.1333333333333333,15,1670
../images/angles/10/쉐보레_트랙스_2015_16시대_H345_V30.JPG,429,1.1949860724233983,345,1670
../images/angles/10/쉐보레_트랙스_2015_18시대_H345_V30.JPG,243,0.47834645669291337,345,1670
../images/angles/10/쉐보레_트랙스_2015_10시대_H345_V30.JPG,442,0.9075975359342916,345,1670
../images/angles/10/쉐보레_트랙스_2015_18시대_H15_V30.JPG,416,0.8353413654618473,15,1670
../images/angles/10/쉐보레_트랙스_2015_14시대_H15_V30.JPG,460,1.329479768786127,15,1670
../images/angles/10/쉐보레_트랙스_2015_14시대_H345_V30.JPG,468,1.167082294264339,345,1670
../images/angles/10/쉐보레_트랙스_2015_10시대_H0_V30.JPG,396,1.3333333333333333,0,1670
../images/angles/10/쉐보레_트랙스_2015_16시대_H0_V30.JPG,463,1.2346666666666666,0,1670
../images/angles/10/쉐보레_트랙스_2015_실내_H0_V30.JPG,479,1.2282051282051283,0,1670
../images/angles/1/쉐보레_넥스트스파크_2016_14시대_H15_V30.JPG,482,1.1080459770114943,15,1475
../images/angles/1/쉐보레_넥스트스파크_2016_10시대_H15_V30.JPG,444,0.9932885906040269,15,1475
../images/angles/1/쉐보레_넥스트스파크_2016_14시대_H0_V30.JPG,468,1.2061855670103092,0,1475
../images/angles/1/쉐보레_넥스트스파크_2016_10시대_H345_V30.JPG,482,1.196029776674938,345,1475
../images/angles/1/쉐보레_넥스트스파크_2016_19시대_H0_V30.JPG,470,1.205128205128205,0,1475
../images/angles/1/쉐보레_넥스트스파크_2016_10시대_H0_V30.JPG,473,1.2285714285714286,0,1475
../images/angles/1/쉐보레_넥스트스파크_2016_17시대_H0_V30.JPG,472,1.1919191919191918,0,1475
../images/angles/1/쉐보레_넥스트스파크_2016_실내_H345_V30.JPG,486,1.1355140186915889,345,1475
../images/angles/1/쉐보레_넥스트스파크_2016_실내_H15_V30.JPG,482,1.201995012468828,15,1475
../images/angles/1/쉐보레_넥스트스파크_2016_17시대_H15_V30.JPG,473,1.058165548098434,15,1475
../images/angles/1/쉐보레_넥스트스파크_2016_실내_H0_V30.JPG,475,1.2369791666666667,0,1475
../images/angles/1/쉐보레_넥스트스파크_2016_14시대_H345_V30.JPG,480,1.1594202898550725,345,1475
../images/angles/1/쉐보레_넥스트스파크_2016_17시대_H345_V30.JPG,481,1.131764705882353,345,1475
../images/angles/1/쉐보레_넥스트스파크_2016_19시대_H345_V30.JPG,450,1.0416666666666667,345,1475
../images/angles/1/쉐보레_넥스트스파크_2016_19시대_H15_V30.JPG,492,1.0718954248366013,15,1475
../images/angles/6/쉐보레_스파크_2015_14시대_H15_V30.JPG,337,0.6780684104627767,15,1520
../images/angles/6/쉐보레_스파크_2015_18시대_H15_V30.JPG,253,0.515274949083503,15,1520
../images/angles/6/쉐보레_스파크_2015_16시대_H0_V30.JPG,488,1.3083109919571045,0,1520
../images/angles/6/쉐보레_스파크_2015_10시대_H15_V30.JPG,124,3.757575757575758,15,1520
../images/angles/6/쉐보레_스파크_2015_실내_H0_V30.JPG,483,1.2416452442159382,0,1520
../images/angles/6/쉐보레_스파크_2015_10시대_H0_V30.JPG,474,1.3620689655172413,0,1520
../images/angles/6/쉐보레_스파크_2015_16시대_H345_V30.JPG,468,1.1442542787286063,345,1520
../images/angles/6/쉐보레_스파크_2015_18시대_H345_V30.JPG,233,0.4726166328600406,345,1520
../images/angles/6/쉐보레_스파크_2015_18시대_H0_V30.JPG,456,0.9230769230769231,0,1520
../images/angles/6/쉐보레_스파크_2015_14시대_H0_V30.JPG,480,1.3370473537604457,0,1520
../images/angles/6/쉐보레_스파크_2015_16시대_H15_V30.JPG,476,1.1497584541062802,15,1520
../images/angles/6/쉐보레_스파크_2015_10시대_H345_V30.JPG,434,1.1361256544502618,345,1520
../images/angles/6/쉐보레_스파크_2015_14시대_H345_V30.JPG,441,1.2857142857142858,345,1520
../images/angles/38/현대_소나타 NF_2009_16시대_H0_V30.JPG,463,1.0894117647058823,0,1475
../images/angles/38/현대_소나타 NF_2009_10시대_H0_V30.JPG,456,1.0961538461538463,0,1475
../images/angles/38/현대_소나타 NF_2009_18시대_H0_V30.JPG,468,1.1090047393364928,0,1475
../images/angles/38/현대_소나타 NF_2009_18시대_H15_V30.JPG,424,1.0216867469879518,15,1475
../images/angles/38/현대_소나타 NF_2009_10시대_H345_V30.JPG,449,0.9955654101995566,345,1475
../images/angles/38/현대_소나타 NF_2009_15시대_H0_V30.JPG,222,0.44668008048289737,0,1475
../images/angles/38/현대_소나타 NF_2009_16시대_H345_V30.JPG,450,1.048951048951049,345,1475
../images/angles/38/현대_소나타 NF_2009_10시대_H15_V30.JPG,437,1.0092378752886837,15,1475
../images/angles/38/현대_소나타 NF_2009_16시대_H15_V30.JPG,443,1.0114155251141552,15,1475
../images/angles/38/현대_소나타 NF_2009_15시대_H15_V30.JPG,416,0.9651972157772621,15,1475
../images/angles/38/현대_소나타 NF_2009_실내_H0_V30.JPG,476,1.2142857142857142,0,1475
../images/angles/38/현대_소나타 NF_2009_실내_H345_V30.JPG,480,1.2030075187969924,345,1475
../images/angles/38/현대_소나타 NF_2009_18시대_H345_V30.JPG,497,1.1044444444444443,345,1475
../images/angles/38/현대_소나타 NF_2009_15시대_H345_V30.JPG,430,1.011764705882353,345,1475
../images/angles/17/현대_아이오닉 일렉트릭_2016_18시대_H0_V30.JPG,448,1.0717703349282297,0,1450
../images/angles/17/현대_아이오닉 일렉트릭_2016_14시대_H0_V30.JPG,478,1.0717488789237668,0,1450
../images/angles/17/현대_아이오닉 일렉트릭_2016_17시대_H345_V30.JPG,467,1.0218818380743981,345,1450
../images/angles/17/현대_아이오닉 일렉트릭_2016_10시대_H15_V30.JPG,435,0.9908883826879271,15,1450
../images/angles/17/현대_아이오닉 일렉트릭_2016_14시대_H15_V30.JPG,269,0.5369261477045908,15,1450
../images/angles/17/현대_아이오닉 일렉트릭_2016_17시대_H15_V30.JPG,437,1.0210280373831775,15,1450
../images/angles/17/현대_아이오닉 일렉트릭_2016_14시대_H345_V30.JPG,423,0.9724137931034482,345,1450
../images/angles/17/현대_아이오닉 일렉트릭_2016_실내_H15_V30.JPG,422,0.9356984478935698,15,1450
../images/angles/17/현대_아이오닉 일렉트릭_2016_10시대_H0_V30.JPG,473,1.0949074074074074,0,1450
../images/angles/17/현대_아이오닉 일렉트릭_2016_10시대_H345_V30.JPG,448,0.9933481152993349,345,1450
../images/angles/17/현대_아이오닉 일렉트릭_2016_실내_H0_V30.JPG,471,1.0397350993377483,0,1450
../images/angles/17/현대_아이오닉 일렉트릭_2016_실내_H345_V30.JPG,461,0.9913978494623656,345,1450
../images/angles/17/현대_아이오닉 일렉트릭_2016_18시대_H345_V30.JPG,323,0.8849315068493151,345,1450
../images/angles/17/현대_아이오닉 일렉트릭_2016_17시대_H0_V30.JPG,476,1.096774193548387,0,1450
../images/angles/17/현대_아이오닉 일렉트릭_2016_18시대_H15_V30.JPG,411,0.958041958041958,15,1450
../images/angles/22/기아_K7_2018_16시대_H345_V30.JPG,447,1.0182232346241458,345,1470
../images/angles/22/기아_K7_2018_18시대_H0_V30.JPG,475,1.0674157303370786,0,1470
../images/angles/22/기아_K7_2018_16시대_H0_V30.JPG,486,1.194103194103194,0,1470
../images/angles/22/기아_K7_2018_실내_H0_V30.JPG,481,1.1876543209876542,0,1470
../images/angles/22/기아_K7_2018_17시대_H345_V30.JPG,421,1.131720430107527,345,1470
../images/angles/22/기아_K7_2018_14시대_H15_V30.JPG,474,1.1023255813953488,15,1470
../images/angles/22/기아_K7_2018_18시대_H15_V30.JPG,396,0.8979591836734694,15,1470
../images/angles/22/기아_K7_2018_17시대_H0_V30.JPG,486,1.1682692307692308,0,1470
../images/angles/22/기아_K7_2018_14시대_H345_V30.JPG,489,1.1698564593301435,345,1470
../images/angles/22/기아_K7_2018_10시대_H0_V30.JPG,458,1.0651162790697675,0,1470
../images/angles/22/기아_K7_2018_10시대_H15_V30.JPG,436,0.990909090909091,15,1470
../images/angles/22/기아_K7_2018_14시대_H0_V30.JPG,483,1.152744630071599,0,1470
../images/angles/22/기아_K7_2018_17시대_H15_V30.JPG,489,1.1088435374149659,15,1470
../images/angles/22/기아_K7_2018_10시대_H345_V30.JPG,462,1.013157894736842,345,1470
../images/angles/22/기아_K7_2018_18시대_H345_V30.JPG,432,0.972972972972973,345,1470
../images/angles/22/기아_K7_2018_16시대_H15_V30.JPG,482,1.1105990783410138,15,1470
../images/angles/18/현대_스타렉스_2014_10시대_H15_V30.JPG,490,1.079295154185022,15,1925
../images/angles/18/현대_스타렉스_2014_14시대_H345_V30.JPG,470,1.053811659192825,345,1925
../images/angles/18/현대_스타렉스_2014_실내_H15_V30.JPG,488,1.167464114832536,15,1925
../images/angles/18/현대_스타렉스_2014_18시대_H0_V30.JPG,487,1.2391857506361323,0,1925
../images/angles/18/현대_스타렉스_2014_16시대_H345_V30.JPG,262,0.5424430641821946,345,1925
../images/angles/18/현대_스타렉스_2014_10시대_H0_V30.JPG,485,1.2340966921119594,0,1925
../images/angles/18/현대_스타렉스_2014_16시대_H15_V30.JPG,229,0.4702258726899384,15,1925
../images/angles/18/현대_스타렉스_2014_실내_H0_V30.JPG,509,1.2506142506142506,0,1925
../images/angles/18/현대_스타렉스_2014_14시대_H15_V30.JPG,474,1.0871559633027523,15,1925
../images/angles/18/현대_스타렉스_2014_10시대_H345_V30.JPG,466,1.1283292978208233,345,1925
../images/angles/18/현대_스타렉스_2014_18시대_H345_V30.JPG,264,0.532258064516129,345,1925
../images/angles/18/현대_스타렉스_2014_16시대_H0_V30.JPG,484,1.2670157068062826,0,1925
../images/angles/18/현대_스타렉스_2014_18시대_H15_V30.JPG,447,1.1640625,15,1925
../images/angles/18/현대_스타렉스_2014_14시대_H0_V30.JPG,481,1.1905940594059405,0,1925
../images/angles/3/쉐보레_볼트_2015_10시대_H345_V30.JPG,459,1.047945205479452,345,1610
../images/angles/3/쉐보레_볼트_2015_15시대_H15_V30.JPG,462,1.0476190476190477,15,1610
../images/angles/3/쉐보레_볼트_2015_17시대_H345_V30.JPG,444,1.002257336343115,345,1610
../images/angles/3/쉐보레_볼트_2015_18시대_H345_V30.JPG,418,0.8444444444444444,345,1610
../images/angles/3/쉐보레_볼트_2015_실내_H345_V30.JPG,477,1.0623608017817372,345,1610
../images/angles/3/쉐보레_볼트_2015_17시대_H0_V30.JPG,465,1.1772151898734178,0,1610
../images/angles/3/쉐보레_볼트_2015_15시대_H0_V30.JPG,477,1.1521739130434783,0,1610
../images/angles/3/쉐보레_볼트_2015_17시대_H15_V30.JPG,243,0.48893360160965793,15,1610
../images/angles/3/쉐보레_볼트_2015_18시대_H15_V30.JPG,350,0.68762278978389,15,1610
../images/angles/3/쉐보레_볼트_2015_실내_H0_V30.JPG,475,1.2025316455696202,0,1610
../images/angles/3/쉐보레_볼트_2015_15시대_H345_V30.JPG,414,1.106951871657754,345,1610
../images/angles/3/쉐보레_볼트_2015_10시대_H0_V30.JPG,480,1.17359413202934,0,1610
../images/angles/3/쉐보레_볼트_2015_10시대_H15_V30.JPG,468,1.054054054054054,15,1610
../images/angles/3/쉐보레_볼트_2015_18시대_H0_V30.JPG,305,0.623721881390593,0,1610
